species,mean,sd,lcl,ucl,median,year,n
blue-winged teal,210097.48047138518,47665.30843855285,133406.50247501535,318424.53020188014,204375.28699014825,1973,185361
blue-winged teal,213093.5883486406,44297.09626889326,138854.80559801057,315366.4923864274,208042.88286928678,1974,254440
blue-winged teal,205521.50920557915,41264.73992244291,139192.3816496625,300256.3303258872,199978.25699168403,1975,237426
blue-winged teal,188856.89209998754,36556.25958230429,130283.98519218087,275378.6516783166,184123.4409632571,1976,200649
blue-winged teal,169877.26643159948,31443.73107371544,119103.05062712987,239494.53032056408,166822.15907571468,1977,195737
blue-winged teal,146710.76562358695,25502.537088374775,103023.4741830614,200829.7395943994,144974.9335831921,1978,134205
blue-winged teal,129638.54195997931,23209.208942464422,89124.97515131654,179707.85161142304,127782.85697833625,1979,120892
blue-winged teal,117243.20851610141,22102.333500933462,77760.92459970115,164602.86822017567,115945.78027409011,1980,69404
blue-winged teal,127129.71352807227,25620.383080541607,86737.11366532288,185945.06071952975,124092.67821287503,1981,258054
blue-winged teal,104940.20966884316,18750.476983876182,71783.08457063956,145228.3786215719,103210.36624866392,1982,98641
blue-winged teal,88520.80252645194,17339.921128009104,57891.213459642975,125114.63747505173,87051.91504155648,1983,60465
blue-winged teal,83288.59806566348,16548.7818820633,54570.78990093843,119318.6235110816,81911.16136389386,1984,64951
blue-winged teal,83497.60865771108,15885.707499891816,56824.75355757215,117964.22903770566,82221.9483949774,1985,84199
blue-winged teal,80466.09402403107,15980.042847879666,53000.60063460308,114939.06314917577,79074.40012676711,1986,51266
blue-winged teal,89570.6641528485,16026.140420699201,61605.999071034676,124720.27784118048,88448.08864244894,1987,124021
blue-winged teal,87677.69170768556,15867.32283658293,60366.5582540842,122710.9400222559,86420.79791513794,1988,67580
blue-winged teal,94332.24893006177,17143.8719073828,64633.34114477136,132867.1034667864,92982.947526817,1989,125062
blue-winged teal,90833.52728728569,16457.62306862004,62531.08499599925,126654.91784752942,89758.78240757462,1990,70169
blue-winged teal,94267.23433063475,17066.09074681253,63969.71088577098,130761.59934678198,93077.54764822277,1991,67023
blue-winged teal,110898.80739459842,22043.355914672324,76941.75502669641,164107.6685114325,107812.3632159839,1992,179125
blue-winged teal,107362.41706170478,19730.49817074979,75193.30654982652,151758.897406785,105475.57564618491,1993,98859
blue-winged teal,109403.8193097125,20367.040365554996,76293.1642909256,157067.36223790134,107308.33282035921,1994,144041
blue-winged teal,102466.78860340624,18553.042621553584,72319.91760748827,145092.9712741788,100030.32224282043,1995,117945
blue-winged teal,90445.43038789813,16151.956576296452,61830.540433667615,124564.26580742782,89640.55871069562,1996,69960
blue-winged teal,86389.95368895089,16094.679291214527,58158.80225957325,122162.48299296382,85434.0273035992,1997,70795
blue-winged teal,86982.29925105341,15917.963141458195,58736.02295101014,121707.89356222429,86082.32392652961,1998,75975
blue-winged teal,90742.21323354024,16652.124806093736,61772.82518056897,127425.21104545423,89133.02436485175,1999,84418
blue-winged teal,95334.89677529607,16836.14231375969,65731.69305607272,133687.415839971,93822.36023438556,2000,117338
blue-winged teal,92006.40320366109,17001.150321889283,61144.845533708496,129629.81302241745,91023.75908332443,2001,77310
blue-winged teal,93509.60310727458,17553.03910683082,62464.55440365288,132554.59801699631,92629.17654977675,2002,66033
blue-winged teal,106602.73528065285,19275.58236852878,74163.56593648951,148659.2958910016,104740.12564616092,2003,90136
blue-winged teal,131232.36733355385,29549.705272354226,85281.00227507803,197842.2677598829,127575.2607140707,2004,213755
blue-winged teal,135539.03018659443,30582.3718960881,87918.35739471392,205136.82674181307,131567.6242002275,2005,195239
blue-winged teal,123590.57141016914,24456.172308831454,84282.13824355064,179729.48578834202,120899.11282542696,2006,108701
blue-winged teal,121636.24449367149,23849.28119374614,82048.98204425698,175129.28683687007,118730.85733278637,2007,124093
blue-winged teal,120028.55742625777,25557.66503864892,80123.1523806726,180216.2609613318,116041.14893839101,2008,179549
blue-winged teal,101940.09139439439,18628.362410768037,71410.51618157903,144542.23544674585,100139.69826522807,2009,112793
blue-winged teal,84452.3553931463,15278.830193474923,56954.86054393543,117712.48072625556,83228.97392270411,2010,50188
blue-winged teal,84065.93255063843,15094.855598466085,58818.24546932908,118704.51426228856,82569.63926821324,2011,90803
blue-winged teal,80693.54436049791,14965.052861468888,55582.89716895431,114574.66632784322,79185.1954404668,2012,105791
blue-winged teal,69958.62822809345,12665.055465613577,47771.795235865415,98060.35986932625,69117.70843418597,2013,73483
blue-winged teal,58773.80462877916,11899.74847622141,37733.90280500079,83826.92508298837,58159.53256752945,2014,34337
blue-winged teal,58498.501380995025,11036.782874038709,39437.70070150178,82004.31050849937,57823.22539380746,2015,59083
blue-winged teal,56173.33300444938,11002.888435059363,36985.70261251771,79453.6320193465,55606.6191173578,2016,37936
blue-winged teal,61465.31793923326,11551.776464221935,41613.853515365074,86797.70199094877,60565.580583161194,2017,85526
blue-winged teal,58630.06171675982,11154.995884335889,39706.68172394833,82381.28568601016,57723.628196799946,2018,45130
blue-winged teal,61053.21949197858,12414.452514147768,40090.34475149419,88304.25376671404,59818.4467193119,2019,61946
blue-winged teal,63440.398843872375,16106.110674022982,38543.46135730594,102521.52167902637,61298.83691868242,2020,NA
blue-winged teal,65081.60048194563,16986.770678814366,38631.42598816198,104552.75511526779,62992.765470113256,2021,75256
canada goose,12722.545534128312,2269.0012338610577,9191.716507723122,18041.837760811035,12399.573275395811,1986,11129
canada goose,15341.06501526301,2266.124272873695,11570.836685096976,20757.41713047254,15068.273120830969,1987,14519
canada goose,18799.23383828037,2725.081665887575,14444.244743921674,24945.495708831535,18627.620214896644,1988,15339
canada goose,32651.7697671257,8011.112825709362,21343.573232127183,52491.03325746515,30867.65935179859,1989,53040
canada goose,26303.43491900369,3567.1914281438403,20236.03356589589,34021.08457485008,26035.859691915943,1990,22840
canada goose,27410.9036059519,3828.1710717892793,21161.000787083845,36213.991251907486,27107.775762301113,1991,23931
canada goose,33156.76121808968,4240.8780788879485,25503.510437491263,42045.60791495169,33012.923959488835,1992,34668
canada goose,36015.345107521316,4800.319158266585,27652.100945709408,46945.85789125507,35532.158446576,1993,34386
canada goose,40566.67411765489,5603.137646448188,31270.20675891137,52593.34467141822,39981.600821924745,1994,36125
canada goose,53550.130095721426,7042.484274886744,40836.09160899701,68283.6237390816,53193.34469626763,1995,59240
canada goose,59483.29477961965,7759.252372373609,46075.29463114563,77005.44916354826,58749.250409055356,1996,55888
canada goose,73440.868224742,9689.972361475979,55622.8739003666,93571.9909387586,73272.6549587049,1997,78566
canada goose,80264.23819815142,10465.359418310809,61708.561582434864,103689.37879458064,79330.94135212572,1998,74712
canada goose,97894.3932535622,12808.584299506643,74692.43822675731,124846.94523791294,97915.1750958086,1999,101183
canada goose,114220.56038088084,15765.06714916086,84899.3124581248,145858.23797825028,113689.18931539144,2000,129508
canada goose,109308.05693017063,15633.463042499608,84118.03347352646,143616.4657031464,107566.35054475133,2001,94066
canada goose,128535.2248426789,17061.374204362146,98593.17080722305,166035.09072129906,127021.76096431245,2002,118476
canada goose,176063.58664639344,33279.43036259693,120209.50413154272,245489.78202294032,172057.72146670657,2003,241930
canada goose,149939.3355484556,19722.662843025402,114625.30088603625,192170.32212089913,148845.64466312813,2004,149003
canada goose,134693.19017514362,17728.56589051685,105018.74801941749,174549.85792949854,132702.5526077075,2005,123836
canada goose,134347.78354358656,17316.58862196399,102314.40868195705,171507.06552785903,133529.42199683574,2006,134683
canada goose,129544.66314727793,17257.02778090613,98263.64416184244,167846.89617816298,127976.00325746683,2007,125195
canada goose,128981.09036982484,17718.817421781867,98919.92128653533,166223.35713391498,127350.87315942982,2008,116715
canada goose,144381.3678302908,18501.049035724373,110705.44410023531,184279.19372610393,143776.05633274038,2009,148293
canada goose,154559.0075418634,19554.34759877513,119583.90738728152,196825.7296466842,153908.25084468606,2010,157622
canada goose,161541.8919261229,22258.60169012969,120955.47640459977,207745.87076682525,160900.71338481054,2011,176095
canada goose,148254.3614053065,19281.657913377843,113160.0477631462,189613.03007556652,146681.6851453957,2012,145386
canada goose,140108.4083581014,18471.29438385518,106850.74612808562,180171.83778968969,139096.59902118862,2013,138925
canada goose,132503.2284493816,17421.266763016,102503.87955949648,171729.99217844926,130577.2953236867,2014,126299
canada goose,130036.21380956103,18074.010253277735,99896.61468334761,170915.93588416383,127832.794553931,2015,119212
canada goose,137340.10937122235,18687.44767631475,104885.45853217161,179725.0180668841,135342.93770334063,2016,129562
canada goose,153389.33654882578,19871.632244918834,117986.08688238407,195967.98994094896,152948.1196485862,2017,158023
canada goose,160169.67847119577,21068.037582344798,121081.80097966423,205381.04784984523,158482.75254182442,2018,157950
canada goose,169906.48626572502,23893.848320501183,125051.53842446185,222837.72896761715,168746.6307237644,2019,171407
canada goose,175267.13667763365,34832.361615127375,114352.46782257584,251690.24695978526,172363.89308146224,2020,NA
canada goose,179383.75256562053,30412.719354437017,126984.34314436982,246678.411556366,175512.65632814757,2021,170125
mallard,102926.48252688485,14464.831790429922,77876.03218328654,134470.71115069938,101580.59057143725,1973,106956
mallard,101671.04610673248,12214.396113170875,80192.91577971693,128688.37673432463,100923.34217520559,1974,94322
mallard,104766.20972150209,12347.446263553498,83072.53628115883,131940.95430894502,103992.0815436969,1975,120460
mallard,100623.41823768547,11622.076588043541,80346.84052677009,126140.52543931766,99699.125661436,1976,109862
mallard,92970.06477164863,10791.90265345435,73822.26196648202,115723.51577200387,92464.53251564415,1977,91657
mallard,85564.644112683993,11015.734793333475,65092.69413304361,107741.29833573918,85118.93099405424,1978,61646
mallard,90924.85804915945,10701.994959534793,71060.21092303949,113957.80432704875,90654.97083405092,1979,78600
mallard,103757.2550993401,11543.839847401934,83003.4864305712,127303.65711808381,103289.90357466807,1980,116488
mallard,111046.45167216897,13329.537865232456,87967.03420479826,140828.33776659647,110221.36477024498,1981,142831
mallard,105124.85753799499,11666.585840133215,83784.3656733836,129597.09329442056,104406.28815857264,1982,89472
mallard,108609.7693869424,12085.284164775096,86734.37375692629,133069.71424793007,108124.39373973024,1983,119462
mallard,106027.77971530687,12072.624246316402,83552.65911201193,131060.36234600586,105418.84273857852,1984,104759
mallard,103257.35958981943,13315.658460800476,77346.9979037943,130724.400915303,102828.5046519237,1985,73909
mallard,116139.33310862657,13331.66275715884,91703.78451540592,143873.64381490933,115481.40795056816,1986,110763
mallard,132051.98158854767,14769.028458502618,105340.87220284976,163276.81544300372,131137.62246082316,1987,136947
mallard,146550.2029687295,16371.047906472766,118167.83240581716,183485.4206604195,145289.15604824654,1988,148901
mallard,161455.50667873584,18641.06790255201,129894.85173747469,201663.44684964264,159125.59841624927,1989,180676
mallard,167432.84196241538,18756.93842342385,133741.69556476251,206643.33694966626,166630.805040045,1990,151356
mallard,182542.98001956238,20869.283044361775,144386.11251658006,227612.6137038011,181505.46763379034,1991,172423
mallard,205613.0992007696,24422.8167502604,162393.9817726824,258425.09939506894,204066.5427789247,1992,249727
mallard,209010.7892439706,23583.54592400333,165670.94302337267,256383.8010343986,207825.8688360423,1993,174531
mallard,234773.21849591364,28095.38271073862,186054.34010078505,296072.88671719097,232124.65652156138,1994,283400
mallard,240967.3729888242,28210.851643276288,192616.7079935074,302376.75192900305,238944.19645123917,1995,242166
mallard,249406.41095420168,29323.643490540268,198283.23920930363,313543.14502766763,246819.4113516084,1996,314413
mallard,226411.494761567,26172.723609774217,178462.48712979976,282179.67478341184,225167.62651138083,1997,180968
mallard,229927.3744179479,27395.490380292715,179499.14390148362,287094.26026575844,229054.5177046875,1998,186891
mallard,255544.56799473634,28388.277019266523,205868.18542792785,315404.7383588968,253898.70604985766,1999,248446
mallard,289633.85941672197,39016.40804061272,225243.21369620078,378104.7643682415,285349.8042504904,2000,453979
mallard,260359.66209388786,29678.141193918753,207387.95446189103,323209.0260099376,258723.160199319,2001,183453
mallard,284499.0024777104,35027.17072110324,224405.8293657981,361616.68597437674,281615.80815262045,2002,378542
mallard,267253.9878065764,30334.708162754174,213537.11096117174,331115.02364602743,265389.08707561146,2003,261332
mallard,255079.85298911823,27772.925022210842,204985.59075414503,314349.4896424877,253183.5845930235,2004,229175
mallard,256615.37052335346,29775.816537454375,204303.96714949133,320208.11603221204,254167.69922800397,2005,317224
mallard,232597.292786222,25625.409903884756,185699.67165266798,285470.9060119489,231906.05659418285,2006,219494
mallard,217159.77239836392,23825.17727668028,173535.0934646261,267456.01282657415,215882.79527988174,2007,210219
mallard,205798.89559861567,23662.076072713004,163382.99289239166,255945.41708636153,204254.66866078653,2008,188429
mallard,202167.82138714058,22387.49186574685,159939.96032611717,252116.9702746816,201475.03549341427,2009,200497
mallard,197781.96906115746,21451.763933651553,159247.93717303124,244089.51410376243,196966.9710354238,2010,199107
mallard,192530.961666266,21434.66768924933,152875.91395938597,238082.6801819427,191421.56018036156,2011,187862
mallard,189667.6882078296,20740.39135422818,151032.2447934263,235828.76415176177,188211.8860887102,2012,196950
mallard,183127.47385107583,19867.525189445856,147392.20535570948,225845.27488883177,181583.37391574704,2013,181200
mallard,176512.12438667388,19937.022060578885,140843.9024781086,218178.2475058485,175544.79995039606,2014,158747
mallard,177367.88152591768,20166.569108861502,140215.74962466574,219764.13656589776,176545.70593128522,2015,176200
mallard,177425.81022267856,20073.588909269296,139974.6063040344,219671.23776995746,176313.85580789807,2016,164147
mallard,184462.84855042974,20917.35629418861,147162.60476297827,229689.47361496056,182827.03739516754,2017,180930
mallard,192708.03319164825,22425.242299922924,152224.92264826444,239890.50811307074,191055.65854806444,2018,216652
mallard,189731.3736861366,23725.359025197937,147071.60619435928,241137.4457499038,188203.08326792665,2019,204296
mallard,181069.55594616686,28148.683350779294,131651.73027502996,244926.63381389496,178832.6291055315,2020,NA
mallard,172151.3411373238,27316.720370029834,124444.20882348102,230408.5348625311,169874.01315950294,2021,147373
other ducks,87515.15610899258,31286.082841156403,39315.53003001233,156862.13187099813,83427.14409667972,1973,113753
other ducks,66818.25378932864,19909.78576021615,36154.736117677785,111593.34525596828,64670.99547348996,1974,70978
other ducks,49405.278105729005,13795.064509819078,28400.063194984217,81084.9130743212,47414.015730403655,1975,42472
other ducks,40419.07563468724,11235.347751187606,22623.232098712335,66587.85889846875,39067.76989641272,1976,42851
other ducks,29584.304880648586,9849.786713181245,14466.401460499517,52400.44251291075,28465.319131368655,1977,14411
other ducks,40846.177426332506,11477.64644661217,22451.778735754753,67464.16521303279,39364.84636073568,1978,57686
other ducks,37308.47181128009,10081.197363155878,21477.681528158362,60717.09179164627,35792.07962938969,1979,34541
other ducks,35922.84088748395,9938.037862211038,20475.6984058296,60053.94755208209,34434.63305109903,1980,32920
other ducks,38184.87163112905,12030.5887184606,20479.459534906546,66878.04531263009,36157.39762124233,1981,63336
other ducks,23927.847260878058,6540.742526709329,13896.288250560721,38894.01766939317,23011.37995955258,1982,21081
other ducks,16811.074327654886,5472.2170575755335,8664.613592827198,30168.73302969255,15917.1388562626,1983,11727
other ducks,15087.88707158962,5076.486684655605,7920.575424156089,27890.28314154497,14110.18643432825,1984,11991
other ducks,14512.937666281676,5229.8879263628405,7487.65396636778,27886.057435190083,13558.006960299423,1985,8929
other ducks,19335.559744980106,5737.856360235546,10787.74956555343,32952.40039171115,18539.168577724144,1986,17237
other ducks,26399.4000437129,7208.445290329236,14755.333432254454,42164.99418999613,25591.395409915556,1987,30518
other ducks,28788.822135962215,8434.675890992006,15912.784286979468,48226.962024935514,27865.761719213253,1988,16333
other ducks,54660.27435503378,17425.79340616726,29351.83791891886,96938.52793948654,51418.68829250621,1989,97099
other ducks,55203.82297564918,15531.890147535281,31424.014304447912,92321.54145144443,52740.05232769287,1990,40040
other ducks,83361.21009873321,28932.147096623645,41262.369051441536,147902.68465160628,78410.2714316647,1991,126986
other ducks,78959.63264262759,24160.113471508135,40579.08394914605,134338.85314022892,75917.92949155727,1992,109834
other ducks,55666.18417774755,16339.075114856769,30454.523937038266,94160.4783997824,53485.29186749162,1993,32115
other ducks,68479.79637314989,19367.835813661044,38653.13178335494,112625.46273508381,65798.48503169575,1994,80710
other ducks,69161.15014380107,19176.335180763883,38428.28801559443,112899.9419752616,67271.00074529264,1995,78650
other ducks,62484.97443937935,17546.106688188618,34990.424662168116,101036.77075293264,60460.68577398633,1996,75457
other ducks,45554.61527660183,12784.853774292707,26092.65137739376,74961.52618495414,43498.836497874014,1997,38140
other ducks,38207.57069384511,11667.211566678703,20705.82001866324,65501.28476216569,36429.41728056755,1998,28219
other ducks,37604.4143677705,11373.403061236451,20344.380960252343,64717.92091057997,35998.82923673861,1999,29869
other ducks,41964.74064851941,12383.545652780611,23087.171993982225,70412.1582629556,40188.896608599345,2000,31191
other ducks,57292.283135124664,15469.004172162342,33364.75452068881,93498.01759849917,55179.40324905681,2001,48312
other ducks,92527.29872292344,30631.39852969255,48950.764971134835,166669.79925544458,86953.8843932543,2002,161087
other ducks,81107.0145589716,22042.98294299044,46943.65883584739,132807.98329570022,77945.65510134581,2003,71888
other ducks,84432.3856593404,23129.966332670076,48136.92176880088,137968.4938603059,81755.11171280712,2004,94014
other ducks,76310.66298135395,20147.234909669896,44210.65112212875,122876.8044874823,73662.60287602016,2005,70655
other ducks,74192.73158900463,19487.248487727236,42931.464867340736,117865.08496810238,71613.7649962538,2006,72726
other ducks,69285.69285323413,19350.413211665484,39460.12648886401,114385.60929253366,66639.11478940707,2007,48427
other ducks,90142.5404896199,25773.63345313196,49735.85076162226,149259.89146704314,86351.71176204357,2008,132506
other ducks,75503.64661317346,20378.007398404174,42567.513189804544,121148.60143171185,73080.1745139815,2009,75602
other ducks,61806.29123587918,20168.41387205259,31214.08371245381,108543.8217539627,59264.22160545946,2010,32757
other ducks,85251.08003023171,23085.319766539134,48497.843708729946,136858.76734967218,82565.29716111562,2011,88610
other ducks,105194.26320983502,28280.74512245852,59948.81930598159,169524.50852513174,102239.0421367902,2012,111712
other ducks,127549.10215855534,39403.68721696751,67784.44021102006,216915.1932561655,121133.4514984801,2013,181141
other ducks,103834.41088961584,28040.31991025619,60228.94953174688,168683.0563182071,99981.49059588664,2014,97875
other ducks,90599.56627242792,25044.83636113961,50911.99149992521,150801.54401449207,87060.46371098005,2015,69415
other ducks,96501.27992160022,26076.34917567982,55080.81681677553,155197.21035158512,93275.9064304104,2016,98640
other ducks,96438.97981628797,25877.896547014705,55030.51362824781,155374.38059794944,93804.54881807031,2017,110246
other ducks,82519.90811769888,23369.89971274737,45820.373740548224,136998.61852188982,79052.83165476727,2018,77560
other ducks,72320.8438588407,23413.61303423856,38658.16530144385,127758.04227670554,68269.19025727644,2019,47392
other ducks,90779.62889484178,37195.89577658284,39144.39106046536,182309.3099050668,84416.64214410454,2020,NA
other ducks,106879.34508382546,39241.2036801641,49782.871822786125,203000.86443709777,101444.73606802114,2021,122036
total ducks,406734.8790522348,56890.881178383075,306641.9788128676,525762.2603365044,402851.3376737529,1973,412706
total ducks,406663.57975209306,51805.53427256996,315668.3413834705,518459.85580528795,403436.9302278112,1974,435182
total ducks,392036.7587660546,47001.92734675739,308316.7471633497,491976.2549372274,388073.4913339091,1975,426878
total ducks,363094.8908040727,40973.620851433756,288894.29376169655,450009.5141633031,359859.6235607508,1976,379526
total ducks,330375.4068423575,36802.2515769208,265786.0239273975,408376.6958474161,327593.03555211774,1977,323280
total ducks,301965.38439834927,34121.93159603572,239687.96744639231,371958.6652802277,299702.01320811745,1978,271348
total ducks,290523.25095032423,33524.466147080806,228755.30946827374,359019.43628714036,289606.41989813047,1979,265730
total ducks,289690.1246962849,32995.831255072204,229882.07419870462,360369.8895081184,288159.28787922184,1980,248073
total ducks,315864.1619562152,41941.198661140144,246045.73250140488,410330.36532197223,312019.8244520271,1981,505038
total ducks,260605.8869633197,30497.946532717484,205605.28932723356,324145.8581076239,259245.1498430653,1982,218718
total ducks,238314.2659035602,30787.7545192049,182074.27340036613,304026.3027928426,236608.2697612908,1983,202296
total ducks,235319.53057085606,30520.895583416226,180300.5573075715,300862.11651896,234060.29604324806,1984,209995
total ducks,240978.63194903216,31113.010715732275,184180.41329334848,306474.71104440757,239060.30623735164,1985,192794
total ducks,276500.6275698648,31839.078918203795,218867.36872306003,344837.53424602235,274515.9665978472,1986,262013
total ducks,322691.8403847712,37683.01866288287,256300.5524330493,404735.3109285501,320305.57928201,1987,389835
total ducks,334667.04810354824,37342.575531035516,267295.79900905804,415376.7438858781,332567.799887244,1988,287074
total ducks,383013.39661780145,43831.51590003288,307496.2159916455,477678.53293291776,379817.20416365797,1989,462513
total ducks,389236.63610247767,43862.46379701214,310020.0230834205,482268.4467665448,386917.9180558318,1990,328630
total ducks,437422.94408536656,49068.67349400505,349824.5500638865,541245.1688067015,433442.89608789794,1991,435781
total ducks,500329.836013901,63989.85225951044,390119.97104283824,640471.3629568792,496914.3998102571,1992,683804
total ducks,473647.48451287224,54353.03276066118,376091.9483378935,590610.1213380628,470733.6245578757,1993,379371
total ducks,514992.93472974835,59186.9750258236,409523.34510123177,645385.3445491677,511592.32992709323,1994,571229
total ducks,527158.7246783859,62247.45298338854,419011.8211922596,657880.9777744077,522954.54616001935,1995,592419
total ducks,507847.37044570537,58159.808281845464,403711.3056315583,629965.1864817326,504074.5404092452,1996,536305
total ducks,473413.12984440825,54711.945167300284,373259.25593005016,589044.878570682,470300.50146542507,1997,409313
total ducks,476091.0860038779,54816.778287017216,375883.49471769505,589198.5899918921,473019.36223561375,1998,412798
total ducks,512483.35650849575,56124.25891700229,408144.60022085236,626517.7473176022,509811.5037359481,1999,476631
total ducks,574371.9618641046,69269.38773334054,454217.82486072776,727375.4061019638,567916.9305348771,2000,744390
total ducks,551408.4187891468,62658.1406922432,439596.2267480567,683035.3180042943,549034.7089810946,2001,440126
total ducks,602932.6779497556,70012.19402595138,475361.4092469818,746751.3626874422,598232.6591045975,2002,740791
total ducks,588351.1666773761,65902.18554103923,471951.5898633489,723216.8845033487,583441.4263064298,2003,533465
total ducks,609798.8542646049,69654.25958940743,490590.2149844714,760816.449425993,605080.2722452832,2004,651494
total ducks,614364.8383301203,72536.93403246062,487150.48382929363,767551.9443453737,609144.6146263069,2005,724270
total ducks,560067.7008758346,61768.93820733973,450275.51505609794,694065.9897328535,555890.3458309716,2006,522571
total ducks,533410.3716104289,61464.85857038799,423094.9898372611,663608.476801906,530324.3923829035,2007,470614
total ducks,542638.7301053776,61986.86017896361,430960.19185163,673039.0280870941,538331.9010099228,2008,626924
total ducks,505147.300759268,57772.259193000966,402890.4254989399,627756.1812256266,500339.2991933957,2009,502416
total ducks,471212.0010063421,54269.98242774576,369192.40477511176,583673.9231136083,469049.0287696688,2010,385821
total ducks,489758.12450347154,54047.01120435883,390483.7275719108,606719.0433184482,487000.5558344334,2011,513746
total ducks,491924.5567127322,55833.305397462114,387788.24916093744,608036.1880206078,488639.1528760798,2012,521079
total ducks,477783.3985353588,54561.4845283758,376365.2423097506,593623.38241149,475989.3759988026,2013,527340
total ducks,437058.18208091735,49480.58415524128,346052.69461485493,541348.4445433491,435025.7561487466,2014,395099
total ducks,420471.4927748462,48327.95486581728,330594.3471643156,520453.60693157034,418327.01528700086,2015,372840
total ducks,426797.96411638503,48980.26954719054,339759.74128039676,529886.4653673914,424063.88094181044,2016,390498
total ducks,449714.9625698598,50893.17422243415,357226.6269014315,558179.4683956801,446422.88502003346,2017,479099
total ducks,452932.7102318099,52198.72943298255,360570.29367463675,566591.7865214322,450076.54557648697,2018,439397
total ducks,458971.44217337464,56969.78076703732,359658.3457951624,579438.0782658503,454394.7497454203,2019,413661
total ducks,494046.33715130255,77992.5381590313,359819.45588271867,664715.515027728,486559.21285754803,2020,NA
total ducks,527766.2510798264,82380.58095945849,387345.8436786501,708325.1358559236,520476.94058671664,2021,584958
wood duck,9555.030543140647,2865.548155607904,5818.290428127553,16637.107484238353,8967.754588024185,1973,6636
wood duck,15018.106644515176,2791.8809414754314,10021.79873241004,21285.506311693083,14900.860882563658,1974,15442
wood duck,21701.90983086969,4525.311608266617,13972.508813654707,30592.0646022599,21419.02079736963,1975,26520
wood duck,23541.977183773426,4492.548211434936,15867.725584210488,33183.7687578993,23371.255742529385,1976,26164
wood duck,22107.32531343238,3960.9940768457627,15399.306515692457,31010.12355144326,21607.253455809063,1977,21475
wood duck,21370.257287091146,4168.749175853029,14943.040633313376,30813.320925731645,20814.18305515845,1978,17811
wood duck,27560.99014764724,5232.499723386801,18370.13889868733,38612.1485187688,27258.401591854556,1979,31697
wood duck,27956.620020989692,5239.0489627303705,18647.40914898849,39559.08910000927,27971.109191210344,1980,29261
wood duck,28808.59976551057,6611.268934984022,18368.273780364292,42118.43372696831,27666.371394566693,1981,40817
wood duck,15850.412713730764,4883.756940179929,9193.498251985591,27219.083621060854,15109.382210270833,1982,9524
wood duck,16373.181420401754,5075.9582812220215,9746.080982398767,28410.257088637303,15319.38014563394,1983,10642
wood duck,26363.907396919192,4780.78058944801,18222.803722571105,36754.23760533203,26086.53287592168,1984,28294
wood duck,32761.99509309187,6408.960188560927,23054.496605769105,46404.60115632144,32062.449544720454,1985,25757
wood duck,62064.798766205735,14603.211408438676,38028.74644117796,91090.14898490741,60834.44974080665,1986,82747
wood duck,75700.13057418732,17884.274154930463,44881.753269848334,110438.64929589043,74159.71617605396,1987,98349
wood duck,61572.996829011354,11330.357263640999,42774.63576265805,86970.97143427542,59923.37050488116,1988,54260
wood duck,63794.45525574752,11333.613953657374,44864.885283917865,90439.38709638198,62169.671340125424,1989,59676
wood duck,69648.10640402771,12303.549655192819,48332.63106865211,97205.46031860582,67924.92118276023,1990,67065
wood duck,77332.09374454744,13957.778818345452,53678.785637568195,108572.64836763522,75583.20629597227,1991,69349
wood duck,106522.57945211396,24412.690672864905,66810.5973984189,155109.25896536376,103382.3040584209,1992,145118
wood duck,83882.55808608618,15342.89219039679,58929.074027366936,118441.97805801696,81776.09597620033,1993,73866
wood duck,81246.90055728634,16940.23822421006,55511.62849882044,119136.75551554436,78811.88855560133,1994,63078
wood duck,115695.83112056096,24484.37894946284,74702.9811964865,163879.75513758798,113249.33883709594,1995,153658
wood duck,95027.64350832862,18592.521170442356,66181.16806331725,136927.944386602,92294.12563454497,1996,76475
wood duck,113260.4176727526,20041.917986947716,78548.24658967534,159159.00420629882,112556.93461419697,1997,119410
wood duck,119293.88437570173,21097.83389338022,82384.57456136239,165307.39900154024,118425.29573133643,1998,121713
wood duck,119995.5175074117,21741.708347847518,83238.32739506819,170132.34719447032,116753.03816852941,1999,113898
wood duck,133321.30220709526,24012.4845405023,90422.04695499575,187007.45307778026,132839.8953689647,2000,141882
wood duck,131305.83999256906,23122.798347153257,90081.69882605705,184261.93025329072,130282.4036808706,2001,131051
wood duck,130368.2188668352,23214.123752331183,91130.76763149958,181458.31469555513,129074.16811188954,2002,135129
wood duck,119325.55821927273,21270.714248488224,83721.88892383619,166710.6435679085,116066.07596066107,2003,110109
wood duck,120719.47482386783,21713.724197727402,83700.95083965392,171131.65316863434,117572.24359328784,2004,114550
wood duck,129883.36709129189,23073.962414037356,87983.08148245123,180276.97109765993,129353.08991413204,2005,141152
wood duck,119982.97152178119,21400.82918354818,82661.79860815968,168965.7149620931,118854.32894994089,2006,121650
wood duck,105077.35431468085,20687.539467497994,72648.94008125678,154476.6406907263,101994.47648533956,2007,87875
wood duck,119226.48940268632,20919.7422768047,82742.17482369192,165223.0912448354,118090.65528347898,2008,126440
wood duck,115049.28994259358,20872.835939107907,78378.07985824753,163501.00350119203,113341.33614472614,2009,113523
wood duck,112590.72314301049,20507.696466833288,78658.49825835538,159014.24910803937,109510.66070253434,2010,103769
wood duck,126792.1861732133,23822.155419722727,83004.39076412888,175378.08932762942,125849.02187646885,2011,146471
wood duck,109361.66131746354,19752.812738596127,74939.06227932737,154390.3460809325,107191.02065913333,2012,106626
wood duck,98525.70733543181,17565.39032012723,68480.17306057396,137799.3893007929,96017.21847187374,2013,91516
wood duck,98470.17759121094,17283.26751404482,66276.89818827972,136046.48379344636,98235.87909706307,2014,104140
wood duck,84203.00942976189,17462.922630795172,57275.112416532174,124047.93770333359,81695.77401459086,2015,68142
wood duck,93960.46519630926,17414.476670834207,65306.3392623964,133665.04706002746,91456.04212661693,2016,89775
wood duck,102652.10715260357,18760.95666063131,71254.60208478234,145253.54542353115,101395.71308853666,2017,102397
wood duck,106601.81096693077,19677.775743244572,73914.33624044979,151776.03709648008,103557.51987215123,2018,100055
wood duck,116925.62969675011,23842.406676152455,79399.08858527499,170255.22064401497,112597.56554880759,2019,100027
wood duck,157346.6721196679,46033.10395216261,85169.52562723497,265878.114890441,151063.90366672428,2020,NA
wood duck,205205.75844795603,49964.492365440805,118135.72012220592,308529.28176210826,204053.67560054566,2021,240293
trumpeter swan,711.5780968064656,388.57832645030004,251.2392192922319,1559.0803913953148,593.1289435202306,2005,1387
trumpeter swan,410.3112122973813,165.03286743053278,180.4330827253216,794.2234413465428,391.4176158473212,2006,193
trumpeter swan,512.2158037452643,164.91519567259533,260.16492896270853,911.2845088462676,483.91515200145926,2007,455
trumpeter swan,547.5915895601488,226.72161375100674,224.9585217173895,1046.4897585680499,528.9348866399918,2008,248
trumpeter swan,990.5158302825309,295.65056915078554,514.3807350448938,1640.9154215721592,947.2597018622364,2009,1340
trumpeter swan,1204.6142123848676,343.02319938910307,666.87819587557,2021.4987561655835,1165.5764903466797,2010,1237
trumpeter swan,1477.8533034886009,408.10237047349847,851.5591086638548,2468.7009027833087,1425.753124204135,2011,1408
trumpeter swan,1908.2075420069111,541.5062587890003,1055.7802841072603,3279.0660705025825,1837.4409384103192,2012,1999
trumpeter swan,2344.7092611789994,668.7069149859379,1382.8602581941032,3956.942320947147,2254.2453841978722,2013,2292
trumpeter swan,2955.972089518053,858.3482047588733,1688.2768873075324,5179.063757523799,2836.101085594387,2014,2979
trumpeter swan,3665.849420748529,1079.2358514719137,2085.0102312649897,6343.443048771153,3530.8395275578478,2015,3679
trumpeter swan,4581.267605786599,1317.9106902660847,2590.4807120487594,7765.021469980437,4427.594124473489,2016,5029
trumpeter swan,5142.405084375211,1436.018431009682,2894.01039134694,8484.058978849205,4909.784662315632,2017,4833
trumpeter swan,6077.938200342881,1758.2303304167017,3376.4705500713635,10176.228316311608,5799.7403831829615,2018,5677
trumpeter swan,7195.451836786993,2314.7901141945717,3658.250274959706,12913.40872279209,6761.700912637824,2019,6106
trumpeter swan,9749.991208265332,8467.249715547567,3341.940900353071,20672.032857850994,8747.65744811021,2020,NA
trumpeter swan,11503.568671615963,4314.254536298073,4892.670846645241,22294.814990660485,10958.24275095902,2021,11197
